model,target,mae,rmse,mape
"SARIMA(0,1,1)(0,1,0,12)",indice_retail_moda,5.978047182420763,8.953051620770093,4.7503080267003845
