{
    "order": "(0, 1, 1)",
    "seasonal_order": "(0, 1, 0, 12)",
    "aic": 674.5343063737197,
    "bic": 679.3232046830645,
    "mae": 5.978047182420763,
    "rmse": 8.953051620770093,
    "mape": 4.7503080267003845
}