categoria_producto,valor_trends_medio
pantalones,47.196969696969695
zapatos,44.66969696969697
vestidos,37.625757575757575
tops,30.11060606060606
