familia_analitica,valor_trends_medio
segunda_mano_vintage,66.89458333333333
consumo_online,52.34103053435115
marca,51.55348297213623
estetica,34.18560975609756
sostenibilidad,21.021115537848605
