grupo,valor_trends_medio
urbano,57.341035856573704
marcas,51.55348297213623
consciente_compra,42.68088467614534
sofisticado,29.033640552995394
