marca,valor_trends_medio
zara,48.96212121212121
mango,47.82575757575758
hm,41.27272727272727
massimo_dutti,36.34090909090909
shein,25.102272727272727
