,count,mean,std,min,25%,50%,75%,max
valor_trends,1747.0,46.37289639381798,24.05100993971805,0.0,32.0,49.25,64.0,100.0
