,count,mean,std,min,25%,50%,75%,max
valor_trends,2640.0,39.900757575757574,24.31827608832218,0.0,23.0,39.0,57.0,100.0
