marca,comentarios_medios_post
shein,407.2683304080681
zara,253.81871714966377
hm,155.19221106079382
mango,72.79111839415694
massimo_dutti,32.81186284779779
