,count,mean,std,min,25%,50%,75%,max
valor_trends,1894.0,42.9486272439282,26.011251288077087,0.0,25.0,46.75,62.8,100.0
