marca,likes_medios_post
zara,31376.152332706417
hm,8915.439896352285
shein,8037.677587965552
massimo_dutti,3616.848491921505
mango,3584.646725545341
