grupo,valor_trends_medio
marcas,51.55348297213623
urbano,48.300333333333334
consciente_compra,42.68088467614534
sofisticado,20.743015873015874
