termino,valor_trends_medio
shein,59.805
hm,52.14393939393939
mango,50.976335877862596
zara,50.60343511450382
massimo_dutti,44.97727272727273
