marca,engagement_medio_post
zara,31629.971049856085
hm,9070.63210741308
shein,8444.945918373622
mango,3657.437843939498
massimo_dutti,3649.6603547693026
