cluster,n_obs,pct
0,183,0.5754716981132075
1,135,0.42452830188679247
