cluster,n_obs,pct
0,102,0.4722222222222222
1,114,0.5277777777777778
