k,inertia,silhouette
2,3337.81317228165,0.2522887855600151
3,3043.774052227245,0.14188084434343612
4,2846.7249718652783,0.13386031838819246
5,2728.8789862354765,0.12186492432777359
6,2587.612208406178,0.1232129681605137
