cluster_k3,n_obs,pct
0,113,0.3553459119496855
1,107,0.33647798742138363
2,98,0.3081761006289308
