cluster_k3,n_obs,pct
0,77,0.35648148148148145
1,61,0.2824074074074074
2,78,0.3611111111111111
