cluster_k3,n_obs,pct
0,115,0.36163522012578614
1,108,0.33962264150943394
2,95,0.29874213836477986
