tipo_post,0,1
Image,0.7449392712550608,0.2550607287449393
Sidecar,0.7093373493975904,0.29066265060240964
Video,0.8198992443324937,0.1801007556675063
