{
    "order": "(2, 1, 2)",
    "aic": 838.2550273150707,
    "bic": 852.192486028981,
    "mae": 4.7781338905811435,
    "rmse": 5.382411100753742,
    "mape": 8.91534811033536
}